<?xml version="1.0" encoding="UTF-8" standalone="yes"?>
<times><direction>Direction: Inbound</direction>
<effective-date>Effective: 2-28-2010</effective-date>
<this-file-create-date>Updated: Jan 19, 2010 8:19:07 AM</this-file-create-date>
<Table xmlns:aid="http://ns.adobe.com/AdobeInDesign/4.0" Direction="Inbound" Effective="2-28-2010" Updated="Jan 19, 2010 8:19:07 AM" aid:table="table" aid:trows="8" aid:tcols="4" >
    <Cell aid:table="cell" aid:theader="" aid:crows="1" aid:ccols="4"><route>27-Market/Main</route></Cell>
    <Cell aid:table="cell" aid:theader="" aid:crows="1" aid:ccols="2"><service-key>Weekday</service-key></Cell>
    <Cell aid:table="cell" aid:theader="" aid:crows="1" aid:ccols="2"><destination>To Rockwood</destination></Cell>
    <Cell aid:table="cell" aid:theader="" aid:crows="1" aid:ccols="1"><table-header>Gateway Transit Center 
<table-stop-id>Stop ID 10861</table-stop-id></table-header></Cell>
    <Cell aid:table="cell" aid:theader="" aid:crows="1" aid:ccols="1"><table-header>Adventist Hospital
<table-stop-id>Stop ID 36</table-stop-id></table-header></Cell>
    <Cell aid:table="cell" aid:theader="" aid:crows="1" aid:ccols="1"><table-header>SE Mill &amp; 148th
<table-stop-id>Stop ID 3889</table-stop-id></table-header></Cell>
    <Cell aid:table="cell" aid:theader="" aid:crows="1" aid:ccols="1"><table-header>SE 185th Ave/Rockwood
<table-stop-id>Stop ID 13320</table-stop-id></table-header></Cell>

    <arrival-time aid:table="cell" aid:crows="1" aid:ccols="1">&#x0009;7:29</arrival-time>
    <arrival-time aid:table="cell" aid:crows="1" aid:ccols="1">&#x0009;7:37</arrival-time>
    <arrival-time aid:table="cell" aid:crows="1" aid:ccols="1">&#x0009;7:46</arrival-time>
    <arrival-time aid:table="cell" aid:crows="1" aid:ccols="1">&#x0009;7:56</arrival-time>
    <arrival-time aid:table="cell" aid:crows="1" aid:ccols="1">&#x0009;8:38</arrival-time>
    <arrival-time aid:table="cell" aid:crows="1" aid:ccols="1">&#x0009;8:46</arrival-time>
    <arrival-time aid:table="cell" aid:crows="1" aid:ccols="1">&#x0009;8:55</arrival-time>
    <arrival-time aid:table="cell" aid:crows="1" aid:ccols="1">&#x0009;9:05</arrival-time>
    <arrival-time aid:table="cell" aid:crows="1" aid:ccols="1">&#x0009;<pm>3:33</pm></arrival-time>
    <arrival-time aid:table="cell" aid:crows="1" aid:ccols="1">&#x0009;<pm>3:41</pm></arrival-time>
    <arrival-time aid:table="cell" aid:crows="1" aid:ccols="1">&#x0009;<pm>3:51</pm></arrival-time>
    <arrival-time aid:table="cell" aid:crows="1" aid:ccols="1">&#x0009;<pm>4:02</pm></arrival-time>
    <arrival-time aid:table="cell" aid:crows="1" aid:ccols="1">&#x0009;<pm>4:47</pm></arrival-time>
    <arrival-time aid:table="cell" aid:crows="1" aid:ccols="1">&#x0009;<pm>4:56</pm></arrival-time>
    <arrival-time aid:table="cell" aid:crows="1" aid:ccols="1">&#x0009;<pm>5:07</pm></arrival-time>
    <arrival-time aid:table="cell" aid:crows="1" aid:ccols="1">&#x0009;<pm>5:19</pm></arrival-time>
    <arrival-time aid:table="cell" aid:crows="1" aid:ccols="1">&#x0009;<pm>6:04</pm></arrival-time>
    <arrival-time aid:table="cell" aid:crows="1" aid:ccols="1">&#x0009;<pm>6:13</pm></arrival-time>
    <arrival-time aid:table="cell" aid:crows="1" aid:ccols="1">&#x0009;<pm>6:24</pm></arrival-time>
    <arrival-time aid:table="cell" aid:crows="1" aid:ccols="1">&#x0009;<pm>6:36</pm></arrival-time>
</Table></times>
