<?xml version="1.0" encoding="UTF-8" standalone="yes"?>
<times><direction>Direction: Outbound</direction>
<effective-date>Effective: 2-28-2010</effective-date>
<this-file-create-date>Updated: Jan 19, 2010 8:19:07 AM</this-file-create-date>
<Table xmlns:aid="http://ns.adobe.com/AdobeInDesign/4.0" Direction="Outbound" Effective="2-28-2010" Updated="Jan 19, 2010 8:19:07 AM" aid:table="table" aid:trows="8" aid:tcols="4" >
    <Cell aid:table="cell" aid:theader="" aid:crows="1" aid:ccols="4"><route>27-Market/Main</route></Cell>
    <Cell aid:table="cell" aid:theader="" aid:crows="1" aid:ccols="2"><service-key>Weekday</service-key></Cell>
    <Cell aid:table="cell" aid:theader="" aid:crows="1" aid:ccols="2"><destination>To Gateway TC</destination></Cell>
    <Cell aid:table="cell" aid:theader="" aid:crows="1" aid:ccols="1"><table-header>SE 185th Ave/Rockwood
<table-stop-id>Stop ID 13320</table-stop-id></table-header></Cell>
    <Cell aid:table="cell" aid:theader="" aid:crows="1" aid:ccols="1"><table-header>SE Mill &amp; 148th
<table-stop-id>Stop ID 3890</table-stop-id></table-header></Cell>
    <Cell aid:table="cell" aid:theader="" aid:crows="1" aid:ccols="1"><table-header>Adventist Hospital
<table-stop-id>Stop ID 36</table-stop-id></table-header></Cell>
    <Cell aid:table="cell" aid:theader="" aid:crows="1" aid:ccols="1"><table-header>Gateway Transit Center
<table-stop-id></table-stop-id></table-header></Cell>

    <arrival-time aid:table="cell" aid:crows="1" aid:ccols="1">&#x0009;6:30</arrival-time>
    <arrival-time aid:table="cell" aid:crows="1" aid:ccols="1">&#x0009;6:43</arrival-time>
    <arrival-time aid:table="cell" aid:crows="1" aid:ccols="1">&#x0009;6:52</arrival-time>
    <arrival-time aid:table="cell" aid:crows="1" aid:ccols="1">&#x0009;7:01</arrival-time>
    <arrival-time aid:table="cell" aid:crows="1" aid:ccols="1">&#x0009;7:56</arrival-time>
    <arrival-time aid:table="cell" aid:crows="1" aid:ccols="1">&#x0009;8:07</arrival-time>
    <arrival-time aid:table="cell" aid:crows="1" aid:ccols="1">&#x0009;8:14</arrival-time>
    <arrival-time aid:table="cell" aid:crows="1" aid:ccols="1">&#x0009;8:23</arrival-time>
    <arrival-time aid:table="cell" aid:crows="1" aid:ccols="1">&#x0009;9:05</arrival-time>
    <arrival-time aid:table="cell" aid:crows="1" aid:ccols="1">&#x0009;9:16</arrival-time>
    <arrival-time aid:table="cell" aid:crows="1" aid:ccols="1">&#x0009;9:23</arrival-time>
    <arrival-time aid:table="cell" aid:crows="1" aid:ccols="1">&#x0009;9:32</arrival-time>
    <arrival-time aid:table="cell" aid:crows="1" aid:ccols="1">&#x0009;<pm>4:02</pm></arrival-time>
    <arrival-time aid:table="cell" aid:crows="1" aid:ccols="1">&#x0009;<pm>4:14</pm></arrival-time>
    <arrival-time aid:table="cell" aid:crows="1" aid:ccols="1">&#x0009;<pm>4:23</pm></arrival-time>
    <arrival-time aid:table="cell" aid:crows="1" aid:ccols="1">&#x0009;<pm>4:32</pm></arrival-time>
    <arrival-time aid:table="cell" aid:crows="1" aid:ccols="1">&#x0009;<pm>5:19</pm></arrival-time>
    <arrival-time aid:table="cell" aid:crows="1" aid:ccols="1">&#x0009;<pm>5:31</pm></arrival-time>
    <arrival-time aid:table="cell" aid:crows="1" aid:ccols="1">&#x0009;<pm>5:40</pm></arrival-time>
    <arrival-time aid:table="cell" aid:crows="1" aid:ccols="1">&#x0009;<pm>5:49</pm></arrival-time>
</Table></times>
